delay_(ps),counts_per_90_min
0,15191.258737820814
240,15078.37569004231
640,14988.631509367557
720,14699.027366435876
800,12286.980426901275
840,14261.11401092147
880,14248.393671459848
920,14311.686172740756
